,Year,avg_arrest_rate,employed_population,median_income
count,5.0,5.0,5.0,5.0
mean,2014.0,327.0,248664530.6,53757.0
std,1.5811388300841898,26.167441602113108,3805817.5729332194,942.512068888245
min,2012.0,304.5,243810053.0,53046.0
25%,2013.0,305.0,246191954.0,53046.0
50%,2014.0,319.7,248775628.0,53482.0
75%,2015.0,339.6,251221309.0,53889.0
max,2016.0,366.2,253323709.0,55322.0
