,Year,Month,arrest_rate,employed_population,unemployment_rate,median_income,pct_below_poverty,pct_insured
count,60.0,60.0,60.0,60.0,60.0,60.0,60.0,60.0
mean,2014.0,6.5,326.98366666666675,11821638.4,54134.0,29099.8,88.19999999999997,11.800000000000002
std,1.426148065624585,3.4811842909844075,42.53999577532856,2040029.7820189563,2309.9779439845124,1348.518041582899,2.563101934263195,2.5631019342631944
min,2012.0,1.0,272.29,9308586.0,51371.0,27319.0,85.2,8.6
25%,2013.0,3.75,302.945,10117710.0,52250.0,28184.0,85.5,9.4
50%,2014.0,6.5,318.395,11530544.0,53657.0,28889.0,88.3,11.7
75%,2015.0,9.25,339.5125,13369671.0,55775.0,29979.0,90.6,14.5
max,2016.0,12.0,524.57,14781681.0,57617.0,31128.0,91.4,14.8
